"gene","de_status","ctrl_1","ctrl_2","ctrl_3","trt_1","trt_2","trt_3"
"gene_1",FALSE,105,72,103,75,107,122
"gene_2",FALSE,36,23,26,66,41,77
"gene_3",TRUE,2,2,9,22,19,8
"gene_4",FALSE,20,3,25,5,0,21
"gene_5",TRUE,280,221,102,134,85,67
"gene_6",FALSE,171,186,211,252,125,264
"gene_7",FALSE,35,33,18,44,41,38
"gene_8",FALSE,7,6,10,20,6,7
"gene_9",FALSE,0,1,0,0,4,2
"gene_10",FALSE,0,0,1,0,0,0
"gene_11",TRUE,0,0,0,0,0,0
"gene_12",FALSE,25,45,54,17,34,28
"gene_13",FALSE,82,110,64,68,38,118
"gene_14",FALSE,9,41,35,9,30,24
"gene_15",TRUE,0,0,0,0,0,0
"gene_16",FALSE,7,10,17,14,6,3
"gene_17",FALSE,0,0,1,0,1,0
"gene_18",FALSE,54,66,21,29,11,44
"gene_19",FALSE,2,1,0,0,0,0
"gene_20",FALSE,0,0,0,0,0,0
"gene_21",FALSE,219,146,153,123,207,122
"gene_22",FALSE,9,10,24,10,18,31
"gene_23",FALSE,94,191,104,118,64,97
"gene_24",FALSE,4,6,4,4,1,6
"gene_25",FALSE,27,33,49,40,15,7
"gene_26",FALSE,0,0,0,1,0,0
"gene_27",FALSE,6,4,7,13,3,4
"gene_28",TRUE,50,50,56,218,124,172
"gene_29",FALSE,0,0,0,0,0,0
"gene_30",FALSE,9,7,9,24,1,12
"gene_31",FALSE,0,0,0,0,0,0
"gene_32",FALSE,4,0,5,3,12,4
"gene_33",FALSE,0,6,1,6,0,2
"gene_34",FALSE,214,147,153,134,135,140
"gene_35",FALSE,4,7,0,1,0,2
"gene_36",FALSE,37,37,18,18,30,25
"gene_37",FALSE,34,18,8,20,40,39
"gene_38",FALSE,1,7,0,15,2,6
"gene_39",FALSE,3,2,1,2,3,1
"gene_40",FALSE,11,29,25,47,46,53
"gene_41",FALSE,0,2,1,0,0,0
"gene_42",FALSE,24,39,0,28,13,0
"gene_43",FALSE,20,52,22,77,38,72
"gene_44",FALSE,1151,1219,1679,1088,1384,707
"gene_45",FALSE,0,1,0,0,1,5
"gene_46",FALSE,23,4,32,11,24,7
"gene_47",FALSE,22,39,34,22,12,31
"gene_48",FALSE,25,31,40,26,50,36
"gene_49",FALSE,48,27,37,27,71,61
"gene_50",TRUE,1277,959,562,480,398,525
"gene_51",FALSE,0,4,10,0,1,4
"gene_52",FALSE,1,2,4,0,1,2
"gene_53",TRUE,4,5,2,0,8,0
"gene_54",FALSE,0,0,1,1,3,0
"gene_55",FALSE,12,1,7,5,1,1
"gene_56",FALSE,0,2,0,0,0,0
"gene_57",FALSE,63,125,53,104,66,83
"gene_58",TRUE,8,9,0,20,18,31
"gene_59",TRUE,132,108,157,18,20,54
"gene_60",FALSE,2,18,8,9,3,16
"gene_61",FALSE,331,553,545,449,433,265
"gene_62",TRUE,92,72,134,346,95,147
"gene_63",FALSE,35,39,31,47,48,64
"gene_64",FALSE,11,21,14,8,8,4
"gene_65",FALSE,577,491,550,681,523,1063
"gene_66",FALSE,6,1,2,1,10,8
"gene_67",FALSE,0,0,0,0,0,0
"gene_68",FALSE,18,54,36,91,38,37
"gene_69",FALSE,78,12,87,17,69,41
"gene_70",FALSE,0,0,0,0,0,0
"gene_71",FALSE,155,83,174,180,103,186
"gene_72",FALSE,1,0,1,1,0,1
"gene_73",FALSE,8,23,19,28,37,16
"gene_74",FALSE,38,25,19,9,4,15
"gene_75",FALSE,19,13,9,31,14,20
"gene_76",TRUE,1,6,2,5,12,1
"gene_77",FALSE,495,367,287,144,436,282
"gene_78",FALSE,44,74,19,33,65,67
"gene_79",FALSE,0,0,2,0,4,1
"gene_80",FALSE,23,7,6,6,9,1
"gene_81",FALSE,0,0,0,2,0,0
"gene_82",FALSE,215,131,66,114,108,96
"gene_83",FALSE,69,68,36,86,70,152
"gene_84",FALSE,0,0,0,0,0,0
"gene_85",FALSE,34,17,38,9,5,16
"gene_86",FALSE,159,98,102,125,191,135
"gene_87",FALSE,2,10,10,7,0,15
"gene_88",FALSE,13,9,1,6,2,6
"gene_89",FALSE,2,3,8,5,22,14
"gene_90",FALSE,66,39,186,134,35,28
"gene_91",FALSE,0,3,0,0,0,0
"gene_92",FALSE,0,2,0,10,8,7
"gene_93",FALSE,4,6,0,0,8,0
"gene_94",FALSE,28,57,38,55,43,70
"gene_95",FALSE,39,27,66,90,42,53
"gene_96",FALSE,0,0,1,0,0,0
"gene_97",FALSE,0,0,0,0,1,0
"gene_98",FALSE,0,1,2,1,2,17
"gene_99",FALSE,10,12,12,20,16,4
"gene_100",FALSE,148,131,267,207,67,208
"gene_101",FALSE,1190,1567,1957,1817,1132,1932
"gene_102",FALSE,37,43,16,22,14,27
"gene_103",FALSE,102,60,118,60,140,73
"gene_104",FALSE,20,6,4,19,3,7
"gene_105",FALSE,0,0,0,0,1,0
"gene_106",FALSE,18,26,18,33,31,15
"gene_107",FALSE,4,10,11,17,14,3
"gene_108",FALSE,89,187,59,229,131,138
"gene_109",FALSE,0,0,12,16,2,1
"gene_110",FALSE,3,0,0,0,0,0
"gene_111",FALSE,0,9,0,0,0,0
"gene_112",FALSE,148,213,84,204,152,278
"gene_113",FALSE,1,1,0,3,19,1
"gene_114",FALSE,3,4,16,0,17,11
"gene_115",TRUE,0,0,1,1,5,3
"gene_116",TRUE,2,0,0,0,0,0
"gene_117",FALSE,1583,957,1074,561,579,1087
"gene_118",FALSE,42,35,39,25,60,24
"gene_119",FALSE,1,12,4,6,3,4
"gene_120",FALSE,71,216,153,81,112,173
"gene_121",FALSE,4,8,1,19,5,4
"gene_122",FALSE,3,7,0,0,0,16
"gene_123",FALSE,0,0,0,0,0,0
"gene_124",FALSE,18,4,12,9,11,2
"gene_125",FALSE,1,2,2,9,0,1
"gene_126",FALSE,27,6,7,12,26,3
"gene_127",FALSE,5,0,0,0,0,0
"gene_128",FALSE,0,0,0,2,0,0
"gene_129",FALSE,4,1,0,11,1,8
"gene_130",FALSE,36,52,69,18,19,12
"gene_131",TRUE,0,0,0,0,0,2
"gene_132",TRUE,14,6,9,42,31,26
"gene_133",FALSE,0,4,0,1,16,2
"gene_134",FALSE,23,12,20,11,5,20
"gene_135",FALSE,416,435,435,564,475,401
"gene_136",FALSE,0,0,0,2,2,3
"gene_137",FALSE,0,0,3,3,0,0
"gene_138",FALSE,48,19,38,28,58,39
"gene_139",FALSE,30,8,11,29,28,13
"gene_140",TRUE,4,7,6,19,5,39
"gene_141",FALSE,51,42,31,25,46,36
"gene_142",FALSE,1,0,2,0,0,4
"gene_143",FALSE,3,5,1,0,1,1
"gene_144",FALSE,941,500,464,379,449,498
"gene_145",FALSE,114,65,92,69,90,68
"gene_146",FALSE,54,66,63,34,94,27
"gene_147",FALSE,707,626,312,569,524,597
"gene_148",FALSE,3,13,11,16,6,16
"gene_149",FALSE,67,55,76,99,80,56
"gene_150",FALSE,114,137,192,143,136,63
"gene_151",FALSE,1,0,0,1,0,4
"gene_152",FALSE,9,18,10,12,3,5
"gene_153",FALSE,1650,4299,1800,4185,2744,2610
"gene_154",FALSE,116,100,150,89,172,276
"gene_155",FALSE,1,2,0,2,5,0
"gene_156",FALSE,0,0,0,0,0,0
"gene_157",FALSE,31,12,38,5,25,5
"gene_158",FALSE,9,1,7,2,3,2
"gene_159",FALSE,0,3,0,0,0,0
"gene_160",FALSE,12,30,26,22,25,10
"gene_161",TRUE,878,493,364,224,151,249
"gene_162",FALSE,6,14,8,8,18,11
"gene_163",FALSE,40,25,9,5,2,6
"gene_164",FALSE,264,370,628,341,192,477
"gene_165",FALSE,2,5,4,4,4,3
"gene_166",FALSE,0,7,0,0,4,0
"gene_167",FALSE,27,30,15,30,18,27
"gene_168",FALSE,0,0,0,0,0,3
"gene_169",FALSE,289,150,121,168,231,85
"gene_170",FALSE,1871,1789,1486,1335,1853,996
"gene_171",FALSE,3,8,1,7,2,9
"gene_172",FALSE,110,64,118,151,44,67
"gene_173",FALSE,6,7,0,1,0,6
"gene_174",FALSE,4,9,17,15,72,4
"gene_175",FALSE,18,15,30,11,19,52
"gene_176",FALSE,111,127,254,244,92,71
"gene_177",TRUE,182,249,56,17,34,38
"gene_178",FALSE,19,19,30,51,23,5
"gene_179",FALSE,93,42,94,42,54,52
"gene_180",TRUE,1,4,0,18,14,23
"gene_181",FALSE,43,65,49,80,98,38
"gene_182",FALSE,11,42,33,9,49,27
"gene_183",FALSE,60,43,31,39,42,47
"gene_184",FALSE,7,2,1,1,7,1
"gene_185",FALSE,8,1,11,6,7,3
"gene_186",FALSE,96,59,41,56,42,68
"gene_187",FALSE,81,114,160,138,117,91
"gene_188",FALSE,10,2,11,5,8,0
"gene_189",FALSE,1,0,0,4,0,1
"gene_190",TRUE,48,66,56,2,8,14
"gene_191",FALSE,1,1,0,0,4,0
"gene_192",FALSE,0,0,0,2,0,0
"gene_193",TRUE,44,22,114,7,46,18
"gene_194",FALSE,96,175,109,153,138,83
"gene_195",FALSE,188,332,215,189,185,172
"gene_196",FALSE,32,24,34,63,56,36
"gene_197",TRUE,113,243,268,90,52,65
"gene_198",FALSE,31,30,24,35,7,38
"gene_199",FALSE,1016,1341,2096,1778,1376,2470
"gene_200",FALSE,0,1,0,5,0,0
"gene_201",FALSE,14,0,10,15,0,18
"gene_202",FALSE,7,38,34,34,55,40
"gene_203",FALSE,0,0,1,1,5,0
"gene_204",FALSE,32,14,14,31,20,23
"gene_205",FALSE,100,83,95,45,105,56
"gene_206",FALSE,7,0,3,0,4,15
"gene_207",TRUE,0,3,1,0,0,3
"gene_208",FALSE,2,6,1,25,22,17
"gene_209",TRUE,92,55,56,288,362,200
"gene_210",FALSE,31,52,24,32,25,35
"gene_211",FALSE,6,7,1,3,0,0
"gene_212",FALSE,52,24,16,80,31,51
"gene_213",FALSE,10,0,4,2,6,2
"gene_214",FALSE,0,0,0,0,0,0
"gene_215",FALSE,77,54,63,18,68,45
"gene_216",FALSE,36,5,27,57,28,9
"gene_217",FALSE,44,39,60,11,70,29
"gene_218",FALSE,40,61,40,25,36,49
"gene_219",FALSE,5,1,0,0,10,4
"gene_220",FALSE,90,128,157,102,148,125
"gene_221",FALSE,0,0,1,3,2,6
"gene_222",FALSE,234,346,457,515,351,318
"gene_223",TRUE,10,14,6,37,20,42
"gene_224",FALSE,6,13,8,16,8,1
"gene_225",FALSE,1,5,39,22,23,4
"gene_226",FALSE,7,24,22,16,15,11
"gene_227",FALSE,11,20,0,13,1,7
"gene_228",TRUE,45,17,31,34,11,20
"gene_229",FALSE,8,24,8,2,5,7
"gene_230",FALSE,30,44,20,50,57,31
"gene_231",FALSE,432,234,222,125,224,333
"gene_232",FALSE,13,37,24,43,45,53
"gene_233",FALSE,5,10,4,10,6,2
"gene_234",FALSE,0,4,2,0,0,13
"gene_235",FALSE,5,4,5,4,14,24
"gene_236",FALSE,33,12,8,18,10,15
"gene_237",FALSE,20,13,6,6,4,17
"gene_238",FALSE,1,1,2,0,1,6
"gene_239",TRUE,10,8,36,10,2,2
"gene_240",FALSE,4,4,0,2,0,4
"gene_241",FALSE,26,22,28,11,7,10
"gene_242",FALSE,175,151,163,88,143,142
"gene_243",FALSE,180,245,226,251,122,241
"gene_244",FALSE,147,196,219,87,72,131
"gene_245",FALSE,0,0,0,0,8,0
"gene_246",FALSE,896,1027,718,828,1012,858
"gene_247",TRUE,3,0,10,0,2,0
"gene_248",FALSE,24,30,23,7,12,30
"gene_249",TRUE,0,0,0,0,0,0
"gene_250",FALSE,3,9,12,17,11,21
"gene_251",FALSE,895,353,760,674,430,722
"gene_252",FALSE,17,14,18,14,27,26
"gene_253",FALSE,164,89,86,106,183,66
"gene_254",FALSE,17,0,10,4,8,1
"gene_255",FALSE,9,32,28,33,46,24
"gene_256",FALSE,0,0,0,0,0,0
"gene_257",FALSE,10,6,16,18,17,37
"gene_258",FALSE,10,6,2,8,12,6
"gene_259",FALSE,39,43,51,26,69,43
"gene_260",FALSE,0,1,0,4,1,1
"gene_261",FALSE,1,11,14,12,2,6
"gene_262",FALSE,7,1,15,19,7,2
"gene_263",FALSE,36,44,54,23,28,68
"gene_264",FALSE,0,2,1,1,0,0
"gene_265",FALSE,0,0,0,0,0,0
"gene_266",FALSE,94,69,34,65,45,75
"gene_267",FALSE,14,3,19,8,3,2
"gene_268",FALSE,85,86,53,32,71,54
"gene_269",TRUE,22,31,60,7,13,6
"gene_270",FALSE,133,145,56,102,156,135
"gene_271",FALSE,70,145,43,128,41,39
"gene_272",FALSE,2,3,9,26,3,3
"gene_273",FALSE,0,0,0,0,1,0
"gene_274",FALSE,4,2,2,3,0,1
"gene_275",TRUE,91,27,32,135,183,144
"gene_276",FALSE,3,5,6,28,11,36
"gene_277",FALSE,5,2,5,3,0,7
"gene_278",FALSE,0,0,0,0,0,2
"gene_279",FALSE,0,0,0,0,3,0
"gene_280",FALSE,13,14,10,2,13,3
"gene_281",FALSE,42,81,64,34,22,48
"gene_282",FALSE,30,14,12,16,8,14
"gene_283",FALSE,293,247,189,488,170,350
"gene_284",FALSE,51,21,4,10,7,5
"gene_285",FALSE,14,32,71,42,106,50
"gene_286",FALSE,1,2,7,1,16,3
"gene_287",FALSE,0,0,0,10,3,1
"gene_288",FALSE,25,0,2,14,27,3
"gene_289",FALSE,102,140,103,148,74,183
"gene_290",FALSE,3048,4282,3011,3124,2801,2752
"gene_291",FALSE,0,8,2,0,0,2
"gene_292",FALSE,101,99,64,64,56,108
"gene_293",FALSE,546,378,356,374,466,388
"gene_294",FALSE,3,3,4,0,21,0
"gene_295",FALSE,26,37,14,33,36,19
"gene_296",FALSE,42,51,9,52,23,63
"gene_297",FALSE,117,219,290,223,137,173
"gene_298",FALSE,15,0,1,0,1,3
"gene_299",FALSE,5,0,1,0,0,1
"gene_300",TRUE,25,9,31,7,3,20
"gene_301",FALSE,128,63,25,68,95,64
"gene_302",FALSE,0,0,1,0,9,1
"gene_303",FALSE,6,3,8,10,1,0
"gene_304",FALSE,176,108,109,164,49,237
"gene_305",FALSE,457,547,504,269,341,133
"gene_306",FALSE,12,27,54,38,55,32
"gene_307",FALSE,11,8,15,26,4,9
"gene_308",FALSE,61,75,41,29,38,29
"gene_309",FALSE,26,7,14,23,7,36
"gene_310",FALSE,177,290,283,224,247,194
"gene_311",FALSE,19,48,14,9,41,42
"gene_312",FALSE,0,0,0,0,1,8
"gene_313",FALSE,0,0,0,1,0,0
"gene_314",FALSE,0,9,0,0,3,0
"gene_315",FALSE,10265,7212,6755,8562,4984,15136
"gene_316",FALSE,9,3,2,1,0,0
"gene_317",FALSE,18,9,9,7,8,2
"gene_318",FALSE,12,2,16,13,5,2
"gene_319",FALSE,138,158,161,161,90,101
"gene_320",FALSE,0,4,0,0,10,1
"gene_321",FALSE,4,0,0,0,0,1
"gene_322",FALSE,16,12,14,19,19,18
"gene_323",FALSE,8,34,45,34,17,22
"gene_324",FALSE,0,4,5,3,1,6
"gene_325",TRUE,4042,5366,3973,1205,1752,1494
"gene_326",FALSE,6,20,1,14,11,14
"gene_327",FALSE,0,0,0,0,0,3
"gene_328",FALSE,79,40,45,49,133,46
"gene_329",FALSE,0,0,0,0,0,0
"gene_330",FALSE,17,3,11,10,1,4
"gene_331",FALSE,9,23,31,15,20,17
"gene_332",FALSE,0,2,0,0,2,0
"gene_333",FALSE,140,175,371,279,135,156
"gene_334",TRUE,2,7,5,0,8,5
"gene_335",FALSE,174,232,168,175,170,188
"gene_336",TRUE,0,0,0,0,0,0
"gene_337",FALSE,164,139,465,151,157,208
"gene_338",FALSE,0,0,0,0,2,0
"gene_339",FALSE,24,27,6,14,7,10
"gene_340",FALSE,40,50,64,33,31,12
"gene_341",FALSE,2,0,0,2,0,0
"gene_342",FALSE,0,0,0,0,0,1
"gene_343",FALSE,46,33,17,28,34,8
"gene_344",FALSE,7,12,16,21,10,5
"gene_345",FALSE,39,31,47,40,96,57
"gene_346",FALSE,388,269,357,695,449,397
"gene_347",FALSE,0,0,0,0,0,3
"gene_348",FALSE,72,26,44,62,42,60
"gene_349",FALSE,2,0,0,0,0,9
"gene_350",FALSE,129,138,214,217,235,240
"gene_351",FALSE,8,0,7,3,5,4
"gene_352",FALSE,43,59,54,124,43,127
"gene_353",FALSE,55,94,60,42,39,53
"gene_354",FALSE,0,1,0,5,0,0
"gene_355",FALSE,0,0,0,9,0,0
"gene_356",FALSE,4,0,0,1,7,2
"gene_357",FALSE,109,19,73,63,20,65
"gene_358",FALSE,54,113,117,35,102,55
"gene_359",FALSE,152,243,361,134,140,142
"gene_360",FALSE,0,1,0,0,0,3
"gene_361",TRUE,1,4,12,2,7,10
"gene_362",FALSE,22,41,19,133,47,40
"gene_363",FALSE,0,0,3,0,13,7
"gene_364",FALSE,2,0,4,1,0,1
"gene_365",FALSE,38,32,33,38,46,16
"gene_366",FALSE,3,0,0,2,6,2
"gene_367",FALSE,40,18,24,5,15,31
"gene_368",FALSE,12,6,4,28,15,21
"gene_369",FALSE,28,34,31,30,39,9
"gene_370",FALSE,2,0,0,12,2,2
"gene_371",FALSE,519,515,400,382,804,823
"gene_372",FALSE,19,8,4,11,6,1
"gene_373",FALSE,9,3,0,5,3,1
"gene_374",FALSE,32,17,3,1,22,3
"gene_375",FALSE,3,8,26,24,18,7
"gene_376",FALSE,9,20,10,28,2,18
"gene_377",FALSE,23,12,7,26,15,1
"gene_378",FALSE,5,3,1,0,6,2
"gene_379",FALSE,2160,1127,1977,1714,2065,2087
"gene_380",FALSE,0,0,0,0,0,2
"gene_381",FALSE,30,15,34,21,28,15
"gene_382",FALSE,6,6,6,5,2,3
"gene_383",FALSE,15,21,27,45,28,16
"gene_384",FALSE,5,5,7,4,10,19
"gene_385",FALSE,251,326,304,309,420,171
"gene_386",FALSE,100,10,21,46,11,48
"gene_387",FALSE,0,0,0,0,0,2
"gene_388",FALSE,66,36,47,75,74,81
"gene_389",FALSE,7,6,15,2,15,33
"gene_390",FALSE,116,178,137,278,114,98
"gene_391",FALSE,6,6,13,20,51,7
"gene_392",FALSE,69,23,101,47,72,112
"gene_393",FALSE,64,116,120,42,48,54
"gene_394",FALSE,0,1,0,1,0,0
"gene_395",FALSE,489,324,195,290,326,193
"gene_396",TRUE,36,38,42,9,2,8
"gene_397",FALSE,9,0,6,0,1,3
"gene_398",FALSE,4,5,20,7,10,8
"gene_399",FALSE,0,0,0,5,0,1
"gene_400",FALSE,3,11,3,16,1,10
"gene_401",FALSE,1023,965,1357,1028,585,1386
"gene_402",FALSE,104,66,60,67,45,49
"gene_403",FALSE,20,60,14,3,27,23
"gene_404",FALSE,1,0,5,1,11,1
"gene_405",FALSE,70,100,55,188,109,77
"gene_406",FALSE,0,0,0,0,0,0
"gene_407",FALSE,17,18,11,7,13,14
"gene_408",FALSE,7,17,21,7,20,7
"gene_409",FALSE,12,32,24,20,26,13
"gene_410",FALSE,44,116,34,48,28,67
"gene_411",FALSE,298,129,223,266,157,215
"gene_412",FALSE,25,4,19,21,7,9
"gene_413",FALSE,51,45,132,67,73,86
"gene_414",FALSE,53,75,58,96,61,67
"gene_415",FALSE,24,52,61,114,68,41
"gene_416",FALSE,10,11,16,17,11,7
"gene_417",FALSE,7,0,0,8,0,0
"gene_418",FALSE,4,0,4,0,0,7
"gene_419",FALSE,1,0,0,0,0,1
"gene_420",FALSE,12,49,43,33,56,53
"gene_421",FALSE,0,0,0,0,0,0
"gene_422",FALSE,367,175,243,394,348,438
"gene_423",FALSE,10,8,2,1,12,4
"gene_424",FALSE,5,4,10,12,3,9
"gene_425",FALSE,44,54,25,43,58,102
"gene_426",FALSE,6,4,4,21,3,1
"gene_427",TRUE,166,322,185,128,114,91
"gene_428",FALSE,0,3,3,0,0,0
"gene_429",FALSE,35,92,58,97,74,128
"gene_430",FALSE,156,273,281,277,250,374
"gene_431",FALSE,1340,1660,1340,1078,1335,1356
"gene_432",FALSE,425,281,345,155,215,331
"gene_433",FALSE,126,59,110,105,137,104
"gene_434",FALSE,0,3,0,1,2,0
"gene_435",FALSE,224,100,95,106,126,132
"gene_436",FALSE,204,125,100,112,106,143
"gene_437",FALSE,0,0,0,0,0,9
"gene_438",FALSE,0,1,18,0,0,0
"gene_439",FALSE,3,4,0,8,0,0
"gene_440",TRUE,11,6,7,2,0,1
"gene_441",FALSE,1,0,1,2,0,2
"gene_442",FALSE,225,438,334,625,540,179
"gene_443",FALSE,3,7,7,12,10,13
"gene_444",FALSE,0,1,2,5,15,1
"gene_445",FALSE,56,70,23,31,37,55
"gene_446",FALSE,10,8,12,5,2,2
"gene_447",FALSE,2,1,6,0,0,4
"gene_448",FALSE,1,3,2,0,7,1
"gene_449",FALSE,10,22,16,22,22,50
"gene_450",FALSE,11,4,9,2,0,2
"gene_451",TRUE,2,0,0,0,1,1
"gene_452",FALSE,69,68,42,56,150,37
"gene_453",FALSE,1,8,1,2,0,1
"gene_454",FALSE,0,0,0,0,1,0
"gene_455",FALSE,23,55,105,104,42,112
"gene_456",FALSE,57,84,85,91,131,145
"gene_457",FALSE,61,30,47,36,12,32
"gene_458",FALSE,85,50,77,88,37,52
"gene_459",FALSE,0,0,0,1,0,0
"gene_460",FALSE,167,161,379,103,152,371
"gene_461",FALSE,45,30,23,95,59,32
"gene_462",FALSE,27,48,54,36,27,113
"gene_463",FALSE,18,53,16,76,68,16
"gene_464",FALSE,142,144,151,153,129,184
"gene_465",FALSE,0,0,0,11,2,0
"gene_466",FALSE,2,19,12,7,10,5
"gene_467",FALSE,16,25,27,4,1,28
"gene_468",FALSE,265,244,79,90,213,171
"gene_469",FALSE,414,515,1033,587,661,971
"gene_470",FALSE,0,3,0,0,4,0
"gene_471",FALSE,42,76,30,74,55,103
"gene_472",TRUE,5,7,5,19,7,23
"gene_473",FALSE,1,16,0,17,1,7
"gene_474",FALSE,18,10,20,12,6,5
"gene_475",FALSE,12,6,7,9,0,7
"gene_476",TRUE,1,2,6,40,10,28
"gene_477",TRUE,14,9,17,4,4,7
"gene_478",FALSE,0,3,1,0,2,2
"gene_479",FALSE,1,1,1,12,3,2
"gene_480",FALSE,39,70,65,48,66,48
"gene_481",TRUE,27,30,16,109,122,36
"gene_482",FALSE,1,3,1,3,0,3
"gene_483",TRUE,0,5,0,1,1,1
"gene_484",FALSE,25,33,31,56,73,16
"gene_485",FALSE,2,2,4,0,4,0
"gene_486",TRUE,14,24,10,5,6,3
"gene_487",FALSE,2,5,22,3,23,11
"gene_488",FALSE,28,38,27,21,15,22
"gene_489",FALSE,1,5,1,1,0,5
"gene_490",FALSE,76,152,76,164,84,66
"gene_491",FALSE,2,5,14,4,9,16
"gene_492",FALSE,4,20,8,6,12,12
"gene_493",FALSE,27,47,46,29,33,35
"gene_494",FALSE,2,10,2,0,0,8
"gene_495",FALSE,0,0,4,3,0,0
"gene_496",FALSE,6,4,28,5,16,10
"gene_497",FALSE,0,5,3,7,2,0
"gene_498",FALSE,105,60,70,58,131,96
"gene_499",FALSE,1,1,0,0,0,0
"gene_500",FALSE,56,35,77,52,46,37
"gene_501",FALSE,96,42,60,49,51,77
"gene_502",FALSE,1,3,1,0,8,3
"gene_503",FALSE,66,41,91,48,78,99
"gene_504",FALSE,32,32,11,18,45,9
"gene_505",FALSE,2104,1884,702,1871,2202,871
"gene_506",TRUE,0,3,0,1,0,0
"gene_507",FALSE,2,0,0,0,0,0
"gene_508",FALSE,489,357,471,877,541,835
"gene_509",FALSE,7,2,9,12,9,17
"gene_510",FALSE,16,0,0,0,0,1
"gene_511",FALSE,40,22,24,31,38,0
"gene_512",FALSE,25,48,15,64,28,32
"gene_513",FALSE,0,4,0,1,0,1
"gene_514",TRUE,80,76,69,348,202,256
"gene_515",FALSE,0,1,0,1,5,11
"gene_516",FALSE,1,2,2,1,0,0
"gene_517",FALSE,10,2,3,1,2,7
"gene_518",FALSE,3,15,1,5,0,0
"gene_519",FALSE,4,4,7,3,7,5
"gene_520",FALSE,0,0,0,0,0,0
"gene_521",FALSE,9,0,3,5,0,0
"gene_522",FALSE,1,2,1,10,6,0
"gene_523",FALSE,0,2,1,0,2,1
"gene_524",FALSE,0,0,0,0,0,0
"gene_525",FALSE,14,13,6,1,0,4
"gene_526",TRUE,402,502,493,1482,1921,726
"gene_527",FALSE,0,1,0,0,5,0
"gene_528",FALSE,108,121,59,42,57,51
"gene_529",FALSE,62,79,35,60,46,77
"gene_530",FALSE,16,41,9,19,28,30
"gene_531",FALSE,0,0,0,6,1,0
"gene_532",FALSE,0,0,2,0,0,0
"gene_533",FALSE,0,5,2,13,19,7
"gene_534",FALSE,41,61,98,77,42,48
"gene_535",FALSE,11,47,14,9,5,13
"gene_536",FALSE,1107,815,1035,727,943,895
"gene_537",FALSE,8,10,7,11,1,10
"gene_538",FALSE,4,0,0,1,0,0
"gene_539",FALSE,0,0,0,0,0,0
"gene_540",FALSE,11,15,22,14,19,12
"gene_541",FALSE,0,0,0,0,4,0
"gene_542",TRUE,6,10,6,3,14,4
"gene_543",FALSE,23,9,46,27,11,34
"gene_544",TRUE,0,0,0,1,1,1
"gene_545",FALSE,0,2,6,5,0,1
"gene_546",FALSE,315,276,469,332,335,324
"gene_547",FALSE,80,115,52,36,22,86
"gene_548",FALSE,0,0,0,2,0,0
"gene_549",FALSE,0,6,2,0,16,8
"gene_550",FALSE,7,14,7,9,5,15
"gene_551",FALSE,77,103,91,42,31,72
"gene_552",FALSE,49,46,15,65,35,19
"gene_553",FALSE,40,10,3,13,46,29
"gene_554",FALSE,0,12,12,13,6,12
"gene_555",FALSE,9,17,10,5,17,6
"gene_556",FALSE,37,33,17,24,10,9
"gene_557",FALSE,0,0,0,7,0,0
"gene_558",FALSE,244,367,508,287,427,402
"gene_559",FALSE,13,8,12,17,8,10
"gene_560",TRUE,39,5,55,92,107,97
"gene_561",FALSE,337,234,241,165,223,145
"gene_562",FALSE,1171,1100,774,788,712,1266
"gene_563",FALSE,2,9,0,7,0,0
"gene_564",FALSE,18,20,2,24,9,12
"gene_565",FALSE,0,0,1,0,0,0
"gene_566",FALSE,15,40,19,23,19,14
"gene_567",FALSE,2,10,2,2,6,7
"gene_568",FALSE,59,37,62,50,22,62
"gene_569",FALSE,14,3,18,2,11,14
"gene_570",FALSE,0,0,7,0,0,0
"gene_571",FALSE,1,3,0,23,0,0
"gene_572",FALSE,0,12,0,0,0,0
"gene_573",FALSE,54,88,78,38,78,104
"gene_574",FALSE,0,0,0,1,0,0
"gene_575",FALSE,39,139,64,79,134,49
"gene_576",FALSE,228,448,670,315,272,381
"gene_577",FALSE,7,1,0,3,0,1
"gene_578",FALSE,11,0,40,0,6,26
"gene_579",FALSE,144,194,140,89,74,156
"gene_580",TRUE,0,0,1,0,1,0
"gene_581",FALSE,0,0,0,1,0,2
"gene_582",FALSE,100,107,116,63,51,130
"gene_583",TRUE,0,0,0,0,0,0
"gene_584",TRUE,21,3,0,0,0,0
"gene_585",FALSE,71,58,46,75,135,54
"gene_586",FALSE,8,41,5,10,17,8
"gene_587",FALSE,19,6,2,10,10,10
"gene_588",FALSE,3,2,0,0,0,1
"gene_589",FALSE,1023,751,777,528,913,272
"gene_590",FALSE,164,451,356,475,210,333
"gene_591",FALSE,4,22,17,20,13,19
"gene_592",FALSE,0,0,0,3,0,4
"gene_593",TRUE,0,5,1,0,0,0
"gene_594",FALSE,75,25,30,34,18,15
"gene_595",FALSE,0,2,1,7,4,7
"gene_596",FALSE,4,9,11,2,1,4
"gene_597",FALSE,13,6,0,2,6,18
"gene_598",FALSE,246,212,236,275,191,280
"gene_599",FALSE,42,53,32,43,41,25
"gene_600",FALSE,2,6,1,9,4,9
"gene_601",FALSE,0,0,0,0,0,0
"gene_602",FALSE,133,354,207,74,198,320
"gene_603",FALSE,27,31,51,29,42,19
"gene_604",FALSE,20,31,15,15,31,13
"gene_605",FALSE,23,28,14,12,25,6
"gene_606",FALSE,8,0,0,2,1,1
"gene_607",FALSE,14,6,15,11,0,0
"gene_608",FALSE,0,0,0,0,0,0
"gene_609",TRUE,6,3,10,2,5,0
"gene_610",FALSE,8,9,12,13,2,3
"gene_611",FALSE,5,0,3,0,2,0
"gene_612",FALSE,200,296,208,151,175,169
"gene_613",TRUE,6,2,7,0,11,1
"gene_614",TRUE,216,398,248,891,901,842
"gene_615",FALSE,77,30,36,20,32,34
"gene_616",FALSE,0,0,3,0,5,0
"gene_617",TRUE,89,55,38,255,312,89
"gene_618",FALSE,1360,1000,2307,1307,2109,2057
"gene_619",FALSE,4,7,9,19,9,8
"gene_620",FALSE,4,16,31,9,25,6
"gene_621",FALSE,99,66,60,95,56,139
"gene_622",FALSE,0,0,0,1,0,0
"gene_623",FALSE,0,1,0,4,9,23
"gene_624",FALSE,20,1,1,0,0,6
"gene_625",FALSE,1,6,13,5,6,0
"gene_626",FALSE,66,93,129,108,54,46
"gene_627",FALSE,5,3,1,5,1,0
"gene_628",FALSE,0,0,0,2,1,0
"gene_629",FALSE,17,5,0,17,8,4
"gene_630",FALSE,7,8,0,15,11,11
"gene_631",FALSE,0,0,0,0,0,0
"gene_632",FALSE,2,1,0,4,2,0
"gene_633",FALSE,0,0,0,1,0,0
"gene_634",FALSE,13,2,20,4,1,3
"gene_635",FALSE,14,4,2,0,2,0
"gene_636",FALSE,162,183,130,223,161,359
"gene_637",TRUE,1,0,0,0,0,1
"gene_638",TRUE,58,79,118,12,15,43
"gene_639",FALSE,30,36,18,16,25,11
"gene_640",FALSE,356,252,408,307,308,162
"gene_641",FALSE,0,1,1,4,1,2
"gene_642",FALSE,16,8,1,7,4,8
"gene_643",FALSE,61,45,42,40,49,72
"gene_644",FALSE,98,115,70,86,103,103
"gene_645",FALSE,49,11,34,24,10,40
"gene_646",FALSE,0,1,0,0,0,0
"gene_647",FALSE,0,3,2,0,4,4
"gene_648",TRUE,910,849,689,1504,2208,2234
"gene_649",FALSE,0,0,9,11,4,1
"gene_650",FALSE,2,0,0,0,2,2
"gene_651",FALSE,85,117,97,57,75,135
"gene_652",FALSE,0,7,2,0,0,0
"gene_653",FALSE,9,2,0,2,2,6
"gene_654",FALSE,3,3,8,1,12,21
"gene_655",FALSE,35,61,49,32,62,27
"gene_656",FALSE,91,97,224,170,181,142
"gene_657",FALSE,2,0,6,1,8,0
"gene_658",TRUE,5,4,15,3,1,1
"gene_659",TRUE,6,1,1,2,0,0
"gene_660",FALSE,5,15,9,48,8,12
"gene_661",FALSE,55,57,41,20,60,21
"gene_662",FALSE,15,3,0,1,2,7
"gene_663",FALSE,8,31,18,15,2,23
"gene_664",FALSE,89,90,46,65,73,76
"gene_665",TRUE,0,0,0,6,0,0
"gene_666",FALSE,46,37,49,36,78,39
"gene_667",FALSE,0,0,4,0,3,0
"gene_668",TRUE,47,108,74,74,187,134
"gene_669",FALSE,9,4,8,7,11,1
"gene_670",TRUE,1,9,7,0,17,0
"gene_671",FALSE,17,32,48,35,36,63
"gene_672",FALSE,8,25,3,3,7,4
"gene_673",FALSE,17,20,16,3,2,7
"gene_674",FALSE,1,12,1,0,1,6
"gene_675",TRUE,6,1,0,3,9,10
"gene_676",FALSE,0,3,2,0,0,0
"gene_677",FALSE,5,9,7,12,4,20
"gene_678",FALSE,9,13,0,9,34,4
"gene_679",FALSE,67,67,21,25,21,39
"gene_680",FALSE,0,0,0,0,0,0
"gene_681",FALSE,0,1,15,4,9,17
"gene_682",FALSE,20,37,38,18,40,15
"gene_683",FALSE,19,28,46,25,16,23
"gene_684",FALSE,5846,9089,9037,12582,5072,6983
"gene_685",FALSE,60,41,22,54,73,37
"gene_686",FALSE,18,13,14,5,8,5
"gene_687",FALSE,68,93,54,22,79,76
"gene_688",FALSE,9,13,23,8,12,14
"gene_689",FALSE,0,4,0,0,4,0
"gene_690",FALSE,0,0,0,0,0,0
"gene_691",FALSE,1,11,0,4,15,0
"gene_692",TRUE,12,0,32,4,8,4
"gene_693",FALSE,81,103,66,78,32,71
"gene_694",FALSE,121,100,92,84,117,165
"gene_695",FALSE,84,55,129,43,118,58
"gene_696",FALSE,0,0,0,0,3,2
"gene_697",FALSE,6,5,0,6,0,6
"gene_698",TRUE,773,483,557,186,90,112
"gene_699",FALSE,340,616,659,686,456,331
"gene_700",FALSE,0,0,0,0,0,0
"gene_701",FALSE,4,0,0,4,0,0
"gene_702",FALSE,99,172,147,210,243,124
"gene_703",FALSE,11,10,3,3,3,23
"gene_704",FALSE,0,1,2,0,1,2
"gene_705",FALSE,5,10,5,7,2,11
"gene_706",FALSE,2,3,0,0,0,4
"gene_707",FALSE,6,12,10,6,8,38
"gene_708",FALSE,7,5,7,2,7,4
"gene_709",FALSE,23,20,42,34,40,24
"gene_710",FALSE,44,61,76,30,40,32
"gene_711",FALSE,0,8,0,1,4,2
"gene_712",TRUE,2,1,3,0,6,0
"gene_713",FALSE,35,46,20,26,9,13
"gene_714",FALSE,27,34,37,26,34,34
"gene_715",FALSE,777,346,357,647,353,476
"gene_716",TRUE,1,2,4,33,45,39
"gene_717",FALSE,7,5,6,5,10,2
"gene_718",FALSE,352,835,793,875,570,361
"gene_719",TRUE,74,30,53,26,119,36
"gene_720",FALSE,23,27,30,25,25,20
"gene_721",FALSE,78,98,56,46,77,81
"gene_722",FALSE,0,0,0,0,0,3
"gene_723",TRUE,5,5,6,3,11,1
"gene_724",TRUE,7,5,4,40,36,44
"gene_725",FALSE,0,0,2,0,0,2
"gene_726",FALSE,61,161,159,89,68,94
"gene_727",FALSE,35,72,62,86,63,63
"gene_728",FALSE,96,99,204,77,97,153
"gene_729",FALSE,47,51,56,103,138,82
"gene_730",FALSE,6,2,7,6,0,8
"gene_731",FALSE,0,0,0,0,3,0
"gene_732",FALSE,87,146,105,65,92,92
"gene_733",FALSE,8,1,0,0,3,0
"gene_734",FALSE,15,26,8,18,37,36
"gene_735",TRUE,0,0,0,0,0,0
"gene_736",FALSE,2,5,0,12,4,7
"gene_737",FALSE,70,110,165,116,62,160
"gene_738",FALSE,34,15,58,8,16,18
"gene_739",FALSE,318,651,464,443,519,461
"gene_740",FALSE,3,0,0,1,0,0
"gene_741",TRUE,3,1,12,19,23,4
"gene_742",FALSE,0,0,0,1,0,0
"gene_743",FALSE,117,49,14,65,86,138
"gene_744",FALSE,4,2,0,2,0,9
"gene_745",FALSE,0,0,0,0,1,0
"gene_746",FALSE,18,26,9,19,9,34
"gene_747",FALSE,4,4,2,6,8,17
"gene_748",FALSE,5,3,2,7,2,3
"gene_749",FALSE,195,156,114,95,155,207
"gene_750",FALSE,22,10,1,2,0,12
"gene_751",FALSE,37,5,2,6,0,14
"gene_752",FALSE,59,31,78,42,53,37
"gene_753",FALSE,588,1037,1707,554,783,581
"gene_754",FALSE,4,20,7,4,45,7
"gene_755",TRUE,66,104,70,50,54,62
"gene_756",FALSE,7,2,0,3,0,9
"gene_757",FALSE,0,26,10,3,13,27
"gene_758",FALSE,0,30,14,22,15,18
"gene_759",FALSE,0,1,0,0,0,0
"gene_760",FALSE,3300,3219,1405,1722,982,1778
"gene_761",FALSE,0,0,0,0,0,1
"gene_762",TRUE,12,8,3,6,0,5
"gene_763",FALSE,0,0,0,0,0,0
"gene_764",TRUE,4,2,4,2,3,5
"gene_765",FALSE,0,0,1,0,0,0
"gene_766",FALSE,0,0,0,13,0,3
"gene_767",FALSE,13,0,0,3,6,0
"gene_768",FALSE,25,10,60,17,42,7
"gene_769",FALSE,0,0,0,0,0,0
"gene_770",FALSE,3,6,1,2,2,8
"gene_771",FALSE,4,5,2,0,5,6
"gene_772",FALSE,45,76,49,32,46,77
"gene_773",FALSE,1,5,8,3,3,4
"gene_774",FALSE,11,5,11,6,1,8
"gene_775",TRUE,10,6,5,11,0,8
"gene_776",FALSE,124,59,49,73,69,31
"gene_777",FALSE,0,0,7,0,2,13
"gene_778",FALSE,8,0,0,8,0,4
"gene_779",TRUE,67,16,58,19,10,17
"gene_780",FALSE,94,40,68,108,69,59
"gene_781",FALSE,26,7,15,38,6,5
"gene_782",TRUE,173,210,335,105,134,143
"gene_783",TRUE,13,1,7,4,0,0
"gene_784",FALSE,11,5,4,1,5,2
"gene_785",FALSE,7,21,44,14,7,20
"gene_786",FALSE,0,0,12,6,0,0
"gene_787",FALSE,1,1,0,0,0,0
"gene_788",TRUE,16,8,9,115,27,13
"gene_789",FALSE,25,25,29,29,52,33
"gene_790",FALSE,2,9,3,2,5,10
"gene_791",TRUE,42,20,39,95,151,207
"gene_792",FALSE,0,0,0,8,1,4
"gene_793",FALSE,544,447,364,443,512,391
"gene_794",FALSE,38,28,30,38,21,22
"gene_795",FALSE,0,4,6,0,12,0
"gene_796",FALSE,14999,16926,5522,11413,13931,8355
"gene_797",FALSE,112,111,168,100,154,81
"gene_798",FALSE,178,152,155,218,124,163
"gene_799",FALSE,12,2,5,0,4,0
"gene_800",FALSE,297,109,111,202,112,254
"gene_801",FALSE,10,3,14,1,14,10
"gene_802",FALSE,1,4,3,9,8,4
"gene_803",FALSE,122,119,88,160,154,90
"gene_804",FALSE,1,4,5,9,12,3
"gene_805",FALSE,0,0,0,0,0,0
"gene_806",FALSE,202,152,251,135,105,141
"gene_807",FALSE,0,0,0,0,0,0
"gene_808",FALSE,7,3,3,2,0,2
"gene_809",FALSE,10,10,4,19,25,22
"gene_810",FALSE,315,358,187,452,255,130
"gene_811",FALSE,2,23,6,0,1,1
"gene_812",FALSE,112,102,81,87,137,70
"gene_813",FALSE,3,2,4,9,5,17
"gene_814",FALSE,0,0,0,0,0,0
"gene_815",FALSE,8,9,10,21,30,23
"gene_816",FALSE,4,21,14,19,3,6
"gene_817",FALSE,37,33,27,23,22,36
"gene_818",FALSE,0,6,0,0,0,4
"gene_819",FALSE,0,0,1,4,12,8
"gene_820",FALSE,17,14,3,14,12,1
"gene_821",FALSE,6,1,3,13,1,10
"gene_822",FALSE,8,2,7,5,0,2
"gene_823",FALSE,7,11,7,8,15,30
"gene_824",FALSE,31,31,15,40,49,54
"gene_825",FALSE,3,4,0,3,1,5
"gene_826",FALSE,200,135,176,125,219,142
"gene_827",FALSE,0,25,10,1,4,8
"gene_828",FALSE,3,11,10,9,3,11
"gene_829",FALSE,0,1,1,1,0,0
"gene_830",FALSE,0,4,0,0,2,2
"gene_831",FALSE,22,10,9,15,43,17
"gene_832",FALSE,4,0,2,0,0,0
"gene_833",FALSE,4,5,3,22,14,6
"gene_834",FALSE,62,74,52,43,32,67
"gene_835",FALSE,2,6,4,1,0,2
"gene_836",FALSE,26,41,12,33,43,28
"gene_837",FALSE,1,4,10,3,4,2
"gene_838",FALSE,0,3,0,5,0,0
"gene_839",FALSE,178,233,125,247,153,151
"gene_840",TRUE,2,3,4,0,3,0
"gene_841",TRUE,0,0,6,0,0,0
"gene_842",FALSE,1392,1706,2233,1887,674,1221
"gene_843",FALSE,1845,1281,1469,1764,1788,1996
"gene_844",FALSE,0,0,0,3,0,0
"gene_845",FALSE,100,57,120,100,60,101
"gene_846",FALSE,338,245,307,519,463,442
"gene_847",TRUE,85,128,153,805,455,493
"gene_848",TRUE,38,11,31,24,198,154
"gene_849",FALSE,1869,3014,2154,2165,3040,2194
"gene_850",FALSE,0,0,0,10,10,0
"gene_851",FALSE,15,49,25,24,26,19
"gene_852",FALSE,0,0,26,28,8,23
"gene_853",FALSE,531,452,587,698,499,420
"gene_854",FALSE,2,4,1,0,9,0
"gene_855",FALSE,0,0,0,0,0,0
"gene_856",FALSE,10,46,26,23,47,23
"gene_857",FALSE,462,701,183,356,367,317
"gene_858",FALSE,5,0,4,2,7,0
"gene_859",FALSE,6,6,3,4,8,9
"gene_860",FALSE,0,1,3,7,0,7
"gene_861",FALSE,13,0,0,2,0,0
"gene_862",FALSE,0,0,0,0,1,0
"gene_863",FALSE,2,3,0,10,2,1
"gene_864",FALSE,16,13,18,7,15,23
"gene_865",FALSE,41,49,37,16,36,48
"gene_866",FALSE,1,6,4,1,10,13
"gene_867",FALSE,160,137,111,103,108,137
"gene_868",FALSE,4,7,4,8,9,3
"gene_869",FALSE,0,3,2,1,4,3
"gene_870",FALSE,14,16,4,17,29,3
"gene_871",FALSE,104,162,117,122,116,141
"gene_872",FALSE,51,31,32,60,74,26
"gene_873",FALSE,2,5,1,8,7,2
"gene_874",FALSE,13,0,1,0,1,1
"gene_875",FALSE,563,594,285,365,557,738
"gene_876",FALSE,488,1495,1284,777,1196,1051
"gene_877",TRUE,0,0,0,0,0,0
"gene_878",FALSE,18,15,21,40,8,9
"gene_879",FALSE,12,6,21,5,2,21
"gene_880",FALSE,0,0,2,1,0,2
"gene_881",FALSE,53,76,48,13,121,100
"gene_882",FALSE,0,0,0,0,0,0
"gene_883",FALSE,8,6,1,6,9,5
"gene_884",FALSE,13,10,12,39,7,24
"gene_885",FALSE,55,99,79,52,49,38
"gene_886",FALSE,18,18,43,31,23,67
"gene_887",FALSE,38,89,56,9,7,16
"gene_888",FALSE,334,293,272,367,312,156
"gene_889",FALSE,56,30,22,56,80,19
"gene_890",FALSE,99,104,126,68,75,109
"gene_891",FALSE,4,0,2,4,7,1
"gene_892",FALSE,251,394,256,218,212,235
"gene_893",FALSE,1,2,0,0,0,1
"gene_894",FALSE,2,0,0,6,0,0
"gene_895",FALSE,122,60,70,92,100,40
"gene_896",FALSE,0,0,0,0,0,3
"gene_897",FALSE,8,26,9,18,6,10
"gene_898",FALSE,1991,1275,2260,1863,2589,1157
"gene_899",FALSE,303,77,123,244,174,306
"gene_900",FALSE,7,18,6,8,10,20
"gene_901",FALSE,59,29,11,23,51,11
"gene_902",FALSE,4,7,2,5,2,12
"gene_903",FALSE,0,0,0,0,0,0
"gene_904",FALSE,15,16,18,12,14,25
"gene_905",FALSE,120,161,128,120,93,73
"gene_906",FALSE,17,21,0,7,14,7
"gene_907",FALSE,7,14,0,0,2,6
"gene_908",FALSE,13,1,2,0,9,7
"gene_909",FALSE,19,2,11,17,7,21
"gene_910",FALSE,897,756,928,844,1279,405
"gene_911",FALSE,8,9,3,17,4,2
"gene_912",FALSE,2,0,13,10,19,1
"gene_913",FALSE,0,1,0,0,1,0
"gene_914",FALSE,46,40,96,36,89,72
"gene_915",FALSE,3,6,9,5,5,11
"gene_916",FALSE,1,0,0,9,3,0
"gene_917",FALSE,46,33,37,52,40,38
"gene_918",FALSE,24,14,20,16,17,32
"gene_919",FALSE,13,13,1,2,16,14
"gene_920",FALSE,25,26,39,29,50,19
"gene_921",FALSE,9,16,16,10,12,6
"gene_922",TRUE,49,34,33,42,17,30
"gene_923",FALSE,53,110,121,159,103,34
"gene_924",FALSE,9,8,5,11,17,22
"gene_925",FALSE,0,0,0,2,0,4
"gene_926",FALSE,4,15,0,0,5,7
"gene_927",FALSE,1,0,0,0,0,0
"gene_928",TRUE,64,121,51,28,18,16
"gene_929",FALSE,70,83,123,79,136,106
"gene_930",FALSE,629,368,577,278,411,254
"gene_931",FALSE,3,3,4,6,5,1
"gene_932",FALSE,114,130,101,191,110,198
"gene_933",FALSE,0,3,6,0,0,0
"gene_934",FALSE,45,95,76,67,73,63
"gene_935",FALSE,1798,1334,944,1640,1995,1483
"gene_936",FALSE,32,18,13,28,19,16
"gene_937",FALSE,183,197,184,384,180,185
"gene_938",FALSE,2,26,13,26,26,12
"gene_939",FALSE,2,0,0,0,0,4
"gene_940",FALSE,0,2,2,1,0,0
"gene_941",FALSE,0,3,0,9,0,0
"gene_942",FALSE,139,271,290,182,276,248
"gene_943",FALSE,0,0,0,0,1,0
"gene_944",FALSE,1,8,10,10,1,12
"gene_945",FALSE,9,48,16,23,42,45
"gene_946",FALSE,191,231,187,172,140,194
"gene_947",FALSE,4,15,31,14,1,8
"gene_948",TRUE,21,41,20,169,81,112
"gene_949",TRUE,0,3,0,37,0,0
"gene_950",FALSE,60,61,34,38,84,12
"gene_951",FALSE,657,415,784,484,529,625
"gene_952",FALSE,216,569,281,283,261,304
"gene_953",FALSE,0,0,0,0,0,0
"gene_954",FALSE,46,14,16,61,55,32
"gene_955",FALSE,1,0,0,0,0,1
"gene_956",FALSE,0,0,0,0,0,0
"gene_957",FALSE,46,19,28,30,21,26
"gene_958",TRUE,0,2,5,16,57,3
"gene_959",FALSE,7,11,10,9,23,20
"gene_960",FALSE,41,128,128,171,143,34
"gene_961",FALSE,197,205,235,144,140,80
"gene_962",FALSE,3,2,1,0,0,0
"gene_963",FALSE,86,39,65,72,24,72
"gene_964",FALSE,0,0,0,0,0,0
"gene_965",FALSE,0,2,14,1,6,0
"gene_966",FALSE,8,3,5,1,11,3
"gene_967",FALSE,9,0,7,3,3,2
"gene_968",FALSE,53,9,27,13,34,19
"gene_969",FALSE,0,0,0,0,0,0
"gene_970",FALSE,0,0,0,0,0,0
"gene_971",FALSE,106,123,118,40,144,171
"gene_972",FALSE,0,1,2,4,3,0
"gene_973",TRUE,4,0,2,0,0,0
"gene_974",FALSE,31,0,5,2,3,3
"gene_975",FALSE,9,46,53,28,33,57
"gene_976",FALSE,9,38,62,16,10,5
"gene_977",FALSE,32,12,26,7,11,21
"gene_978",FALSE,246,117,100,162,97,238
"gene_979",FALSE,0,2,2,1,0,0
"gene_980",FALSE,1,0,0,0,0,0
"gene_981",FALSE,0,0,0,0,0,0
"gene_982",FALSE,20,8,12,37,10,9
"gene_983",FALSE,6,0,1,3,4,5
"gene_984",FALSE,0,0,0,0,0,0
"gene_985",FALSE,0,0,0,0,0,1
"gene_986",TRUE,32,32,11,27,90,63
"gene_987",FALSE,5,5,11,8,6,7
"gene_988",FALSE,0,3,0,0,0,0
"gene_989",FALSE,6,0,3,0,2,0
"gene_990",FALSE,4,5,12,4,7,4
"gene_991",TRUE,7,1,10,16,0,0
"gene_992",FALSE,71,83,60,39,56,76
"gene_993",FALSE,6,9,3,4,2,7
"gene_994",FALSE,0,0,0,0,5,1
"gene_995",FALSE,41,32,19,44,7,69
"gene_996",FALSE,111,73,144,127,140,103
"gene_997",FALSE,0,0,0,0,0,0
"gene_998",FALSE,0,4,1,0,13,2
"gene_999",FALSE,0,0,0,0,0,0
"gene_1000",FALSE,25,41,104,39,67,73
